{"cameraMode":{"drawMode":0,"name":"Shaded","section":"Shading Mode"},"sceneLighting":true,"audioPlay":false,"sceneViewState":{"showFog":true,"showMaterialUpdate":true,"showSkybox":true,"showFlares":true,"showImageEffects":true,"showParticleSystems":true},"in2DMode":false,"pivot":{"x":0.8655104637145996,"y":0.4584221839904785,"z":-4.091620445251465},"rotation":{"x":-0.11142992228269577,"y":-0.2629382610321045,"z":0.03058619052171707,"w":-0.9578750133514404},"size":16.112545013427736,"orthographic":false}